<?xml version="1.0" encoding="UTF-8"?>
<manifest identifier="eXe-MANIFEST-20251119194752RATHON" xmlns="http://www.imsproject.org/xsd/imscp_rootv1p1p2" xmlns:adlcp="http://www.adlnet.org/xsd/adlcp_rootv1p2" xmlns:imsmd="http://www.imsglobal.org/xsd/imsmd_v1p2" xmlns:xsi="http://www.w3.org/2001/XMLSchema-instance" xsi:schemaLocation="http://www.imsproject.org/xsd/imscp_rootv1p1p2 imscp_rootv1p1p2.xsd http://www.imsglobal.org/xsd/imsmd_rootv1p2p1 imsmd_rootv1p2p1.xsd http://www.adlnet.org/xsd/adlcp_rootv1p2 adlcp_rootv1p2.xsd"><metadata><schema>ADL SCORM</schema><schemaversion>1.2</schemaversion><adlcp:location>imslrm.xml</adlcp:location></metadata><organizations default="eXe-20251119194752RATHON"><organization identifier="eXe-20251119194752RATHON" structure="hierarchical"><title>ARQUITECTURA DEL COMPUTADOR</title><item identifier="ITEM-20251119194752GVWMWL" identifierref="RES-20251119194752GVWMWL" isvisible="true"><title>Portada</title></item><item identifier="ITEM-20251119194752HFZUKM" identifierref="RES-20251119194752HFZUKM" isvisible="true"><title>Objetivo</title><item identifier="ITEM-20251119194752PSKHYV" identifierref="RES-20251119194752PSKHYV" isvisible="true"><title>Temario</title><item identifier="ITEM-20251119194752GFWPCH" identifierref="RES-20251119194752GFWPCH" isvisible="true"><title>Tema 1. Componentes de la arquitectura interna</title><item identifier="ITEM-20251119194752MBMFWG" identifierref="RES-20251119194752MBMFWG" isvisible="true"><title>Actividad</title></item><item identifier="ITEM-20251119194752DASOKF" identifierref="RES-20251119194752DASOKF" isvisible="true"><title>Evaluación</title></item></item><item identifier="ITEM-20251119194752DPETOZ" identifierref="RES-20251119194752DPETOZ" isvisible="true"><title>Tema 2. Ensamblaje</title><item identifier="ITEM-20251119194752JVKRGO" identifierref="RES-20251119194752JVKRGO" isvisible="true"><title>Actividad</title></item><item identifier="ITEM-20251119194752VPWFUS" identifierref="RES-20251119194752VPWFUS" isvisible="true"><title>Evaluación</title></item></item><item identifier="ITEM-20251119194752RRVIAU" identifierref="RES-20251119194752RRVIAU" isvisible="true"><title>Tema 3. Conexión</title><item identifier="ITEM-20251119194752BZKYIT" identifierref="RES-20251119194752BZKYIT" isvisible="true"><title>Actividad</title></item><item identifier="ITEM-20251119194752DJURNN" identifierref="RES-20251119194752DJURNN" isvisible="true"><title>Evaluación</title></item></item></item><item identifier="ITEM-20251119194752THWZLB" identifierref="RES-20251119194752THWZLB" isvisible="true"><title>Evaluación de conocimientos</title></item></item></organization></organizations><resources><resource identifier="RES-20251119194752GVWMWL" type="webcontent" adlcp:scormtype="sco" href="index.html"><file href="index.html"/><file href="content/resources/20251119194752OUBJYM/download.png"/><file href="idevices/text/text.css"/><file href="idevices/text/text.html"/><file href="idevices/text/text.js"/><dependency identifierref="COMMON_FILES"/></resource><resource identifier="RES-20251119194752HFZUKM" type="webcontent" adlcp:scormtype="sco" href="html/objetivo.html"><file href="html/objetivo.html"/><file href="content/resources/20251119194752MIQLDF/atras.png"/><file href="content/resources/20251119194752MIQLDF/siguiente.png"/><file href="idevices/text/text.css"/><file href="idevices/text/text.html"/><file href="idevices/text/text.js"/><dependency identifierref="COMMON_FILES"/></resource><resource identifier="RES-20251119194752PSKHYV" type="webcontent" adlcp:scormtype="sco" href="html/temario.html"><file href="html/temario.html"/><file href="content/resources/20251119194752KEGIIE/images-removebg-preview.png"/><file href="content/resources/20251119194752KEGIIE/internal_hardware_components_of_a_computer-l3xOTf-removebg-preview.png"/><file href="content/resources/20251119194752KEGIIE/light-blue-rectangular-button-icon-cartoon-style-vector-removebg-preview.png"/><file href="content/resources/20251119194752KEGIIE/or-computer-build-pc-motherboard-hdd-and-ssd-ram-bar-cpu-and-gpu-cooler-fan-and-removebg-preview.png"/><file href="content/resources/20251119194752KEGIIE/png-transparent-home-house-lia-space-button-angle-logo-stock-photography-removebg-preview.png"/><file href="content/resources/20251119194752KEGIIE/pngtree-light-green-rectangular-button-icon-cartoon-style-png-image_1901060-removebg-preview.png"/><file href="content/resources/20251119194752KEGIIE/ted-postscript-computer-component-computer-material-computer-hardware-thumbnail-removebg-preview.png"/><file href="idevices/text/text.css"/><file href="idevices/text/text.html"/><file href="idevices/text/text.js"/><dependency identifierref="COMMON_FILES"/></resource><resource identifier="RES-20251119194752GFWPCH" type="webcontent" adlcp:scormtype="sco" href="html/tema-1-componentes-de-la-arquitectura-interna.html"><file href="html/tema-1-componentes-de-la-arquitectura-interna.html"/><file href="content/resources/20251119194752QRXEWF/atras.png"/><file href="content/resources/20251119194752QRXEWF/images-removebg-preview.png"/><file href="content/resources/20251119194752QRXEWF/investigador-portatil.gif"/><file href="content/resources/20251119194752QRXEWF/png-transparent-laptop-computer-lab-study-tools-angle-electronics-computer-removebg-preview.png"/><file href="content/resources/20251119194752QRXEWF/pngtree-light-green-rectangular-button-icon-cartoon-style-png-image_1901060-removebg-preview.png"/><file href="content/resources/20251119194752QRXEWF/siguiente.png"/><file href="idevices/text/text.css"/><file href="idevices/text/text.html"/><file href="idevices/text/text.js"/><dependency identifierref="COMMON_FILES"/></resource><resource identifier="RES-20251119194752MBMFWG" type="webcontent" adlcp:scormtype="sco" href="html/actividad.html"><file href="html/actividad.html"/><file href="content/resources/20251119194752MDEKPQ/inicio.png"/><file href="idevices/quick-questions-video/exequextcursor.gif"/><file href="idevices/quick-questions-video/exequextfirstr.png"/><file href="idevices/quick-questions-video/exequextfull.svg"/><file href="idevices/quick-questions-video/exequexthits.svg"/><file href="idevices/quick-questions-video/exequextlastr.png"/><file href="idevices/quick-questions-video/exequextlive.png"/><file href="idevices/quick-questions-video/exequextlost.png"/><file href="idevices/quick-questions-video/exequextmin.svg"/><file href="idevices/quick-questions-video/exequextmoveon.png"/><file href="idevices/quick-questions-video/exequextnextr.png"/><file href="idevices/quick-questions-video/exequextnumber.svg"/><file href="idevices/quick-questions-video/exequextpause.png"/><file href="idevices/quick-questions-video/exequextplayvideo.png"/><file href="idevices/quick-questions-video/exequextpreviousr.png"/><file href="idevices/quick-questions-video/exequextreload.png"/><file href="idevices/quick-questions-video/exequextreply.png"/><file href="idevices/quick-questions-video/exequextrerrors.svg"/><file href="idevices/quick-questions-video/exequextscore.svg"/><file href="idevices/quick-questions-video/exequextsq.png"/><file href="idevices/quick-questions-video/exequexttime.svg"/><file href="idevices/quick-questions-video/exequextvideo.png"/><file href="idevices/quick-questions-video/exequextwon.png"/><file href="idevices/quick-questions-video/quextImageVideo.png"/><file href="idevices/quick-questions-video/quick-questions-video.css"/><file href="idevices/quick-questions-video/quick-questions-video.js"/><file href="idevices/quick-questions-video/vquextHome.png"/><file href="idevices/quick-questions-video/vquextIcon.png"/><dependency identifierref="COMMON_FILES"/></resource><resource identifier="RES-20251119194752DASOKF" type="webcontent" adlcp:scormtype="sco" href="html/evaluacion.html"><file href="html/evaluacion.html"/><file href="libs/jquery-ui/libs\jquery-ui\jquery-ui.min.js"/><file href="libs/exe_math/app\common\exe_math\input\tex\extensions\action.js"/><file href="libs/exe_math/app\common\exe_math\input\tex\extensions\ams.js"/><file href="libs/exe_math/app\common\exe_math\input\tex\extensions\amscd.js"/><file href="libs/exe_math/app\common\exe_math\input\tex\extensions\autoload.js"/><file href="libs/exe_math/app\common\exe_math\input\tex\extensions\bbox.js"/><file href="libs/exe_math/app\common\exe_math\input\tex\extensions\boldsymbol.js"/><file href="libs/exe_math/app\common\exe_math\input\tex\extensions\braket.js"/><file href="libs/exe_math/app\common\exe_math\input\tex\extensions\bussproofs.js"/><file href="libs/exe_math/app\common\exe_math\input\tex\extensions\cancel.js"/><file href="libs/exe_math/app\common\exe_math\input\tex\extensions\cases.js"/><file href="libs/exe_math/app\common\exe_math\input\tex\extensions\centernot.js"/><file href="libs/exe_math/app\common\exe_math\input\tex\extensions\color.js"/><file href="libs/exe_math/app\common\exe_math\input\tex\extensions\colortbl.js"/><file href="libs/exe_math/app\common\exe_math\input\tex\extensions\colorv2.js"/><file href="libs/exe_math/app\common\exe_math\input\tex\extensions\configmacros.js"/><file href="libs/exe_math/app\common\exe_math\input\tex\extensions\empheq.js"/><file href="libs/exe_math/app\common\exe_math\input\tex\extensions\enclose.js"/><file href="libs/exe_math/app\common\exe_math\input\tex\extensions\extpfeil.js"/><file href="libs/exe_math/app\common\exe_math\input\tex\extensions\gensymb.js"/><file href="libs/exe_math/app\common\exe_math\input\tex\extensions\html.js"/><file href="libs/exe_math/app\common\exe_math\input\tex\extensions\mathtools.js"/><file href="libs/exe_math/app\common\exe_math\input\tex\extensions\mhchem.js"/><file href="libs/exe_math/app\common\exe_math\input\tex\extensions\newcommand.js"/><file href="libs/exe_math/app\common\exe_math\input\tex\extensions\noerrors.js"/><file href="libs/exe_math/app\common\exe_math\input\tex\extensions\noundefined.js"/><file href="libs/exe_math/app\common\exe_math\input\tex\extensions\physics.js"/><file href="libs/exe_math/app\common\exe_math\input\tex\extensions\require.js"/><file href="libs/exe_math/app\common\exe_math\input\tex\extensions\setoptions.js"/><file href="libs/exe_math/app\common\exe_math\input\tex\extensions\tagformat.js"/><file href="libs/exe_math/app\common\exe_math\input\tex\extensions\textcomp.js"/><file href="libs/exe_math/app\common\exe_math\input\tex\extensions\textmacros.js"/><file href="libs/exe_math/app\common\exe_math\input\tex\extensions\unicode.js"/><file href="libs/exe_math/app\common\exe_math\input\tex\extensions\upgreek.js"/><file href="libs/exe_math/app\common\exe_math\input\tex\extensions\verb.js"/><file href="libs/exe_math/app\common\exe_math\tex-mml-svg.js"/><file href="content/resources/20251119194752CVUNQP/inicio.png"/><file href="idevices/complete/completaIcon.png"/><file href="idevices/complete/complete.css"/><file href="idevices/complete/complete.js"/><file href="idevices/complete/exequextaudio.png"/><file href="idevices/complete/exequextcursor.gif"/><file href="idevices/complete/exequextfull.svg"/><file href="idevices/complete/exequexthits.svg"/><file href="idevices/complete/exequextlive.png"/><file href="idevices/complete/exequextmin.svg"/><file href="idevices/complete/exequextnumber.svg"/><file href="idevices/complete/exequextreply.png"/><file href="idevices/complete/exequextrerrors.svg"/><file href="idevices/complete/exequextscore.svg"/><file href="idevices/complete/exequextsq.png"/><file href="idevices/complete/exequexttime.svg"/><dependency identifierref="COMMON_FILES"/></resource><resource identifier="RES-20251119194752DPETOZ" type="webcontent" adlcp:scormtype="sco" href="html/tema-2-ensamblaje.html"><file href="html/tema-2-ensamblaje.html"/><file href="content/resources/20251119194752RWSUPE/atras.png"/><file href="content/resources/20251119194752RWSUPE/images-removebg-preview.png"/><file href="content/resources/20251119194752RWSUPE/investigador-portatil.gif"/><file href="content/resources/20251119194752RWSUPE/png-transparent-laptop-computer-lab-study-tools-angle-electronics-computer-removebg-preview.png"/><file href="content/resources/20251119194752RWSUPE/pngtree-light-green-rectangular-button-icon-cartoon-style-png-image_1901060-removebg-preview.png"/><file href="content/resources/20251119194752RWSUPE/siguiente.png"/><file href="idevices/text/text.css"/><file href="idevices/text/text.html"/><file href="idevices/text/text.js"/><dependency identifierref="COMMON_FILES"/></resource><resource identifier="RES-20251119194752JVKRGO" type="webcontent" adlcp:scormtype="sco" href="html/actividad1.html"><file href="html/actividad1.html"/><file href="libs/jquery-ui/libs\jquery-ui\jquery-ui.min.js"/><file href="content/resources/20251119194752NPVUDP/descarga.jpeg"/><file href="content/resources/20251119194752NPVUDP/descarga_(1).jpeg"/><file href="content/resources/20251119194752NPVUDP/descarga_(2).jpeg"/><file href="content/resources/20251119194752NPVUDP/descarga_(3).jpeg"/><file href="content/resources/20251119194752NPVUDP/descarga_(4).jpeg"/><file href="content/resources/20251119194752NPVUDP/descarga_(5).jpeg"/><file href="content/resources/20251119194752NPVUDP/inicio.png"/><file href="idevices/relate/exequextbuttonko.svg"/><file href="idevices/relate/exequextbuttonok.svg"/><file href="idevices/relate/exequextcopyright.png"/><file href="idevices/relate/exequextcursor.gif"/><file href="idevices/relate/exequextfull.svg"/><file href="idevices/relate/exequexthits.svg"/><file href="idevices/relate/exequextmin.svg"/><file href="idevices/relate/exequextnumber.svg"/><file href="idevices/relate/exequextplayaudio.svg"/><file href="idevices/relate/exequextreload.png"/><file href="idevices/relate/exequextreply.png"/><file href="idevices/relate/exequextrerrors.svg"/><file href="idevices/relate/exequextscore.svg"/><file href="idevices/relate/exequextsq.png"/><file href="idevices/relate/exequexttime.svg"/><file href="idevices/relate/exezoomf.png"/><file href="idevices/relate/exezoomn.png"/><file href="idevices/relate/relacionaHome.png"/><file href="idevices/relate/relacionaIcon.png"/><file href="idevices/relate/relacionaIcon.svg"/><file href="idevices/relate/relate.css"/><file href="idevices/relate/relate.js"/><dependency identifierref="COMMON_FILES"/></resource><resource identifier="RES-20251119194752VPWFUS" type="webcontent" adlcp:scormtype="sco" href="html/evaluacion1.html"><file href="html/evaluacion1.html"/><file href="content/resources/20251119194752FZIVOF/inicio.png"/><file href="idevices/az-quiz-game/az-quiz-game.css"/><file href="idevices/az-quiz-game/az-quiz-game.js"/><file href="idevices/az-quiz-game/exequextaudio.png"/><file href="idevices/az-quiz-game/exequextcursor.gif"/><file href="idevices/az-quiz-game/exequextfull.svg"/><file href="idevices/az-quiz-game/exequexthits.svg"/><file href="idevices/az-quiz-game/exequextlive.png"/><file href="idevices/az-quiz-game/exequextlost.png"/><file href="idevices/az-quiz-game/exequextmin.svg"/><file href="idevices/az-quiz-game/exequextmoveon.png"/><file href="idevices/az-quiz-game/exequextnumber.svg"/><file href="idevices/az-quiz-game/exequextone.png"/><file href="idevices/az-quiz-game/exequextpause.png"/><file href="idevices/az-quiz-game/exequextplayvideo.png"/><file href="idevices/az-quiz-game/exequextreload.png"/><file href="idevices/az-quiz-game/exequextreply.png"/><file href="idevices/az-quiz-game/exequextrerrors.png"/><file href="idevices/az-quiz-game/exequextrerrors.svg"/><file href="idevices/az-quiz-game/exequextrosco.png"/><file href="idevices/az-quiz-game/exequextroscorows.png"/><file href="idevices/az-quiz-game/exequextscore.svg"/><file href="idevices/az-quiz-game/exequextsq.png"/><file href="idevices/az-quiz-game/exequexttime.svg"/><file href="idevices/az-quiz-game/exequexttwo.png"/><file href="idevices/az-quiz-game/exequextvideo.png"/><file href="idevices/az-quiz-game/exequextwon.png"/><file href="idevices/az-quiz-game/exezoomf.png"/><file href="idevices/az-quiz-game/exezoomn.png"/><file href="idevices/az-quiz-game/rosco-icon.png"/><file href="idevices/az-quiz-game/roscoHome.png"/><file href="idevices/az-quiz-game/roscoHomeImage.png"/><dependency identifierref="COMMON_FILES"/></resource><resource identifier="RES-20251119194752RRVIAU" type="webcontent" adlcp:scormtype="sco" href="html/tema-3-conexion.html"><file href="html/tema-3-conexion.html"/><file href="content/resources/20251119194752HIKLOF/atras.png"/><file href="content/resources/20251119194752HIKLOF/images-removebg-preview.png"/><file href="content/resources/20251119194752HIKLOF/investigador-portatil.gif"/><file href="content/resources/20251119194752HIKLOF/png-transparent-laptop-computer-lab-study-tools-angle-electronics-computer-removebg-preview.png"/><file href="content/resources/20251119194752HIKLOF/pngtree-light-green-rectangular-button-icon-cartoon-style-png-image_1901060-removebg-preview.png"/><file href="content/resources/20251119194752HIKLOF/siguiente.png"/><file href="idevices/text/text.css"/><file href="idevices/text/text.html"/><file href="idevices/text/text.js"/><dependency identifierref="COMMON_FILES"/></resource><resource identifier="RES-20251119194752BZKYIT" type="webcontent" adlcp:scormtype="sco" href="html/actividad2.html"><file href="html/actividad2.html"/><file href="libs/jquery-ui/libs\jquery-ui\jquery-ui.min.js"/><file href="content/resources/20251119194752SHTKPO/descarga.jpeg"/><file href="content/resources/20251119194752SHTKPO/descarga_(1).jpeg"/><file href="content/resources/20251119194752SHTKPO/descarga_(2).jpeg"/><file href="content/resources/20251119194752SHTKPO/descarga_(4).jpeg"/><file href="content/resources/20251119194752SHTKPO/descarga_(5).jpeg"/><file href="content/resources/20251119194752SHTKPO/inicio.png"/><file href="idevices/sort/exequextaudio.png"/><file href="idevices/sort/exequextcursor.gif"/><file href="idevices/sort/exequextfull.svg"/><file href="idevices/sort/exequexthits.svg"/><file href="idevices/sort/exequextlive.png"/><file href="idevices/sort/exequextlost.png"/><file href="idevices/sort/exequextmin.svg"/><file href="idevices/sort/exequextmoveon.png"/><file href="idevices/sort/exequextnormal.png"/><file href="idevices/sort/exequextnumber.png"/><file href="idevices/sort/exequextnumber.svg"/><file href="idevices/sort/exequextplayaudio.svg"/><file href="idevices/sort/exequextreload.png"/><file href="idevices/sort/exequextreply.png"/><file href="idevices/sort/exequextrerrors.svg"/><file href="idevices/sort/exequextscore.svg"/><file href="idevices/sort/exequextsq.png"/><file href="idevices/sort/exequexttime.svg"/><file href="idevices/sort/exequextwon.png"/><file href="idevices/sort/exezoomf.png"/><file href="idevices/sort/exezoomn.png"/><file href="idevices/sort/ordenaHome.png"/><file href="idevices/sort/ordenaIcon.png"/><file href="idevices/sort/quextCursor.gif"/><file href="idevices/sort/sort.css"/><file href="idevices/sort/sort.js"/><file href="idevices/sort/vquextReload.png"/><dependency identifierref="COMMON_FILES"/></resource><resource identifier="RES-20251119194752DJURNN" type="webcontent" adlcp:scormtype="sco" href="html/evaluacion2.html"><file href="html/evaluacion2.html"/><file href="content/resources/20251119194752WEMGIZ/61XmhmEup8L._AC_SL1000_.jpg"/><file href="content/resources/20251119194752WEMGIZ/descarga.jpeg"/><file href="content/resources/20251119194752WEMGIZ/descarga_(1).1.jpeg"/><file href="content/resources/20251119194752WEMGIZ/descarga_(3).jpeg"/><file href="content/resources/20251119194752WEMGIZ/inicio.png"/><file href="content/resources/20251119194752WEMGIZ/urru_careee.jpg"/><file href="idevices/word-search/exequextaudio.png"/><file href="idevices/word-search/exequextcursor.gif"/><file href="idevices/word-search/exequextfull.svg"/><file href="idevices/word-search/exequexthits.svg"/><file href="idevices/word-search/exequextlive.png"/><file href="idevices/word-search/exequextlost.png"/><file href="idevices/word-search/exequextmin.svg"/><file href="idevices/word-search/exequextmoveon.png"/><file href="idevices/word-search/exequextnumber.svg"/><file href="idevices/word-search/exequextreload.png"/><file href="idevices/word-search/exequextreply.png"/><file href="idevices/word-search/exequextrerrors.svg"/><file href="idevices/word-search/exequextscore.svg"/><file href="idevices/word-search/exequextsq.png"/><file href="idevices/word-search/exequexttime.svg"/><file href="idevices/word-search/exequextwon.png"/><file href="idevices/word-search/exezoomf.png"/><file href="idevices/word-search/exezoomn.png"/><file href="idevices/word-search/mapacerrarventana.svg"/><file href="idevices/word-search/sopaHome.png"/><file href="idevices/word-search/sopaIcon.png"/><file href="idevices/word-search/sopaaudio.svg"/><file href="idevices/word-search/sopaimage.svg"/><file href="idevices/word-search/word-search.css"/><file href="idevices/word-search/word-search.js"/><dependency identifierref="COMMON_FILES"/></resource><resource identifier="RES-20251119194752THWZLB" type="webcontent" adlcp:scormtype="sco" href="html/evaluacion-de-conocimientos.html"><file href="html/evaluacion-de-conocimientos.html"/><file href="content/resources/20251119194752XVUGAC/casa_(1).png"/><file href="idevices/progress-report/html2canvas.js"/><file href="idevices/progress-report/ifnpage.png"/><file href="idevices/progress-report/ifnstate-0.png"/><file href="idevices/progress-report/ifnstate-1.png"/><file href="idevices/progress-report/ifnstate-2.png"/><file href="idevices/progress-report/ifnstate-na.png"/><file href="idevices/progress-report/progress-report.css"/><file href="idevices/progress-report/progress-report.js"/><file href="idevices/progress-report/quextEIMore.png"/><file href="idevices/text/text.css"/><file href="idevices/text/text.html"/><file href="idevices/text/text.js"/><dependency identifierref="COMMON_FILES"/></resource><resource identifier="COMMON_FILES" type="webcontent" adlcp:scormtype="asset"><file href="libs/C:\Users\LENOVO IP GAMING\AppData\Roaming\exelearning\data\tmp\2025\11\19\20251119194752YBAKGQ\tmp\localuser\export\libs\bootstrap\bootstrap.bundle.min.js"/><file href="libs/C:\Users\LENOVO IP GAMING\AppData\Roaming\exelearning\data\tmp\2025\11\19\20251119194752YBAKGQ\tmp\localuser\export\libs\bootstrap\bootstrap.bundle.min.js.map"/><file href="libs/C:\Users\LENOVO IP GAMING\AppData\Roaming\exelearning\data\tmp\2025\11\19\20251119194752YBAKGQ\tmp\localuser\export\libs\bootstrap\bootstrap.min.css"/><file href="libs/C:\Users\LENOVO IP GAMING\AppData\Roaming\exelearning\data\tmp\2025\11\19\20251119194752YBAKGQ\tmp\localuser\export\libs\bootstrap\bootstrap.min.css.map"/><file href="libs/C:\Users\LENOVO IP GAMING\AppData\Roaming\exelearning\data\tmp\2025\11\19\20251119194752YBAKGQ\tmp\localuser\export\libs\common.js"/><file href="libs/C:\Users\LENOVO IP GAMING\AppData\Roaming\exelearning\data\tmp\2025\11\19\20251119194752YBAKGQ\tmp\localuser\export\libs\common_i18n.js"/><file href="libs/C:\Users\LENOVO IP GAMING\AppData\Roaming\exelearning\data\tmp\2025\11\19\20251119194752YBAKGQ\tmp\localuser\export\libs\exe_export.js"/><file href="libs/C:\Users\LENOVO IP GAMING\AppData\Roaming\exelearning\data\tmp\2025\11\19\20251119194752YBAKGQ\tmp\localuser\export\libs\exe_math\input\tex\extensions\action.js"/><file href="libs/C:\Users\LENOVO IP GAMING\AppData\Roaming\exelearning\data\tmp\2025\11\19\20251119194752YBAKGQ\tmp\localuser\export\libs\exe_math\input\tex\extensions\ams.js"/><file href="libs/C:\Users\LENOVO IP GAMING\AppData\Roaming\exelearning\data\tmp\2025\11\19\20251119194752YBAKGQ\tmp\localuser\export\libs\exe_math\input\tex\extensions\amscd.js"/><file href="libs/C:\Users\LENOVO IP GAMING\AppData\Roaming\exelearning\data\tmp\2025\11\19\20251119194752YBAKGQ\tmp\localuser\export\libs\exe_math\input\tex\extensions\autoload.js"/><file href="libs/C:\Users\LENOVO IP GAMING\AppData\Roaming\exelearning\data\tmp\2025\11\19\20251119194752YBAKGQ\tmp\localuser\export\libs\exe_math\input\tex\extensions\bbox.js"/><file href="libs/C:\Users\LENOVO IP GAMING\AppData\Roaming\exelearning\data\tmp\2025\11\19\20251119194752YBAKGQ\tmp\localuser\export\libs\exe_math\input\tex\extensions\boldsymbol.js"/><file href="libs/C:\Users\LENOVO IP GAMING\AppData\Roaming\exelearning\data\tmp\2025\11\19\20251119194752YBAKGQ\tmp\localuser\export\libs\exe_math\input\tex\extensions\braket.js"/><file href="libs/C:\Users\LENOVO IP GAMING\AppData\Roaming\exelearning\data\tmp\2025\11\19\20251119194752YBAKGQ\tmp\localuser\export\libs\exe_math\input\tex\extensions\bussproofs.js"/><file href="libs/C:\Users\LENOVO IP GAMING\AppData\Roaming\exelearning\data\tmp\2025\11\19\20251119194752YBAKGQ\tmp\localuser\export\libs\exe_math\input\tex\extensions\cancel.js"/><file href="libs/C:\Users\LENOVO IP GAMING\AppData\Roaming\exelearning\data\tmp\2025\11\19\20251119194752YBAKGQ\tmp\localuser\export\libs\exe_math\input\tex\extensions\cases.js"/><file href="libs/C:\Users\LENOVO IP GAMING\AppData\Roaming\exelearning\data\tmp\2025\11\19\20251119194752YBAKGQ\tmp\localuser\export\libs\exe_math\input\tex\extensions\centernot.js"/><file href="libs/C:\Users\LENOVO IP GAMING\AppData\Roaming\exelearning\data\tmp\2025\11\19\20251119194752YBAKGQ\tmp\localuser\export\libs\exe_math\input\tex\extensions\color.js"/><file href="libs/C:\Users\LENOVO IP GAMING\AppData\Roaming\exelearning\data\tmp\2025\11\19\20251119194752YBAKGQ\tmp\localuser\export\libs\exe_math\input\tex\extensions\colortbl.js"/><file href="libs/C:\Users\LENOVO IP GAMING\AppData\Roaming\exelearning\data\tmp\2025\11\19\20251119194752YBAKGQ\tmp\localuser\export\libs\exe_math\input\tex\extensions\colorv2.js"/><file href="libs/C:\Users\LENOVO IP GAMING\AppData\Roaming\exelearning\data\tmp\2025\11\19\20251119194752YBAKGQ\tmp\localuser\export\libs\exe_math\input\tex\extensions\configmacros.js"/><file href="libs/C:\Users\LENOVO IP GAMING\AppData\Roaming\exelearning\data\tmp\2025\11\19\20251119194752YBAKGQ\tmp\localuser\export\libs\exe_math\input\tex\extensions\empheq.js"/><file href="libs/C:\Users\LENOVO IP GAMING\AppData\Roaming\exelearning\data\tmp\2025\11\19\20251119194752YBAKGQ\tmp\localuser\export\libs\exe_math\input\tex\extensions\enclose.js"/><file href="libs/C:\Users\LENOVO IP GAMING\AppData\Roaming\exelearning\data\tmp\2025\11\19\20251119194752YBAKGQ\tmp\localuser\export\libs\exe_math\input\tex\extensions\extpfeil.js"/><file href="libs/C:\Users\LENOVO IP GAMING\AppData\Roaming\exelearning\data\tmp\2025\11\19\20251119194752YBAKGQ\tmp\localuser\export\libs\exe_math\input\tex\extensions\gensymb.js"/><file href="libs/C:\Users\LENOVO IP GAMING\AppData\Roaming\exelearning\data\tmp\2025\11\19\20251119194752YBAKGQ\tmp\localuser\export\libs\exe_math\input\tex\extensions\html.js"/><file href="libs/C:\Users\LENOVO IP GAMING\AppData\Roaming\exelearning\data\tmp\2025\11\19\20251119194752YBAKGQ\tmp\localuser\export\libs\exe_math\input\tex\extensions\mathtools.js"/><file href="libs/C:\Users\LENOVO IP GAMING\AppData\Roaming\exelearning\data\tmp\2025\11\19\20251119194752YBAKGQ\tmp\localuser\export\libs\exe_math\input\tex\extensions\mhchem.js"/><file href="libs/C:\Users\LENOVO IP GAMING\AppData\Roaming\exelearning\data\tmp\2025\11\19\20251119194752YBAKGQ\tmp\localuser\export\libs\exe_math\input\tex\extensions\newcommand.js"/><file href="libs/C:\Users\LENOVO IP GAMING\AppData\Roaming\exelearning\data\tmp\2025\11\19\20251119194752YBAKGQ\tmp\localuser\export\libs\exe_math\input\tex\extensions\noerrors.js"/><file href="libs/C:\Users\LENOVO IP GAMING\AppData\Roaming\exelearning\data\tmp\2025\11\19\20251119194752YBAKGQ\tmp\localuser\export\libs\exe_math\input\tex\extensions\noundefined.js"/><file href="libs/C:\Users\LENOVO IP GAMING\AppData\Roaming\exelearning\data\tmp\2025\11\19\20251119194752YBAKGQ\tmp\localuser\export\libs\exe_math\input\tex\extensions\physics.js"/><file href="libs/C:\Users\LENOVO IP GAMING\AppData\Roaming\exelearning\data\tmp\2025\11\19\20251119194752YBAKGQ\tmp\localuser\export\libs\exe_math\input\tex\extensions\require.js"/><file href="libs/C:\Users\LENOVO IP GAMING\AppData\Roaming\exelearning\data\tmp\2025\11\19\20251119194752YBAKGQ\tmp\localuser\export\libs\exe_math\input\tex\extensions\setoptions.js"/><file href="libs/C:\Users\LENOVO IP GAMING\AppData\Roaming\exelearning\data\tmp\2025\11\19\20251119194752YBAKGQ\tmp\localuser\export\libs\exe_math\input\tex\extensions\tagformat.js"/><file href="libs/C:\Users\LENOVO IP GAMING\AppData\Roaming\exelearning\data\tmp\2025\11\19\20251119194752YBAKGQ\tmp\localuser\export\libs\exe_math\input\tex\extensions\textcomp.js"/><file href="libs/C:\Users\LENOVO IP GAMING\AppData\Roaming\exelearning\data\tmp\2025\11\19\20251119194752YBAKGQ\tmp\localuser\export\libs\exe_math\input\tex\extensions\textmacros.js"/><file href="libs/C:\Users\LENOVO IP GAMING\AppData\Roaming\exelearning\data\tmp\2025\11\19\20251119194752YBAKGQ\tmp\localuser\export\libs\exe_math\input\tex\extensions\unicode.js"/><file href="libs/C:\Users\LENOVO IP GAMING\AppData\Roaming\exelearning\data\tmp\2025\11\19\20251119194752YBAKGQ\tmp\localuser\export\libs\exe_math\input\tex\extensions\upgreek.js"/><file href="libs/C:\Users\LENOVO IP GAMING\AppData\Roaming\exelearning\data\tmp\2025\11\19\20251119194752YBAKGQ\tmp\localuser\export\libs\exe_math\input\tex\extensions\verb.js"/><file href="libs/C:\Users\LENOVO IP GAMING\AppData\Roaming\exelearning\data\tmp\2025\11\19\20251119194752YBAKGQ\tmp\localuser\export\libs\exe_math\tex-mml-svg.js"/><file href="libs/C:\Users\LENOVO IP GAMING\AppData\Roaming\exelearning\data\tmp\2025\11\19\20251119194752YBAKGQ\tmp\localuser\export\libs\jquery\jquery.min.js"/><file href="libs/C:\Users\LENOVO IP GAMING\AppData\Roaming\exelearning\data\tmp\2025\11\19\20251119194752YBAKGQ\tmp\localuser\export\libs\jquery-ui\jquery-ui.min.js"/><file href="libs/C:\Users\LENOVO IP GAMING\AppData\Roaming\exelearning\data\tmp\2025\11\19\20251119194752YBAKGQ\tmp\localuser\export\libs\SCOFunctions.js"/><file href="libs/C:\Users\LENOVO IP GAMING\AppData\Roaming\exelearning\data\tmp\2025\11\19\20251119194752YBAKGQ\tmp\localuser\export\libs\SCORM_API_wrapper.js"/><file href="content/css/C:\Users\LENOVO IP GAMING\AppData\Roaming\exelearning\data\tmp\2025\11\19\20251119194752YBAKGQ\tmp\localuser\export\content/css\base.css"/><file href="content/css/C:\Users\LENOVO IP GAMING\AppData\Roaming\exelearning\data\tmp\2025\11\19\20251119194752YBAKGQ\tmp\localuser\export\content/css\icons\add.svg"/><file href="content/css/C:\Users\LENOVO IP GAMING\AppData\Roaming\exelearning\data\tmp\2025\11\19\20251119194752YBAKGQ\tmp\localuser\export\content/css\icons\aleft.svg"/><file href="content/css/C:\Users\LENOVO IP GAMING\AppData\Roaming\exelearning\data\tmp\2025\11\19\20251119194752YBAKGQ\tmp\localuser\export\content/css\icons\aright.svg"/><file href="content/css/C:\Users\LENOVO IP GAMING\AppData\Roaming\exelearning\data\tmp\2025\11\19\20251119194752YBAKGQ\tmp\localuser\export\content/css\icons\cross.svg"/><file href="content/css/C:\Users\LENOVO IP GAMING\AppData\Roaming\exelearning\data\tmp\2025\11\19\20251119194752YBAKGQ\tmp\localuser\export\content/css\icons\exe-arrow-icon-green.svg"/><file href="content/css/C:\Users\LENOVO IP GAMING\AppData\Roaming\exelearning\data\tmp\2025\11\19\20251119194752YBAKGQ\tmp\localuser\export\content/css\icons\exe-arrow-icon.svg"/><file href="content/css/C:\Users\LENOVO IP GAMING\AppData\Roaming\exelearning\data\tmp\2025\11\19\20251119194752YBAKGQ\tmp\localuser\export\content/css\icons\exe-chevron-icon-green.svg"/><file href="content/css/C:\Users\LENOVO IP GAMING\AppData\Roaming\exelearning\data\tmp\2025\11\19\20251119194752YBAKGQ\tmp\localuser\export\content/css\icons\exe-chevron-icon-white.svg"/><file href="content/css/C:\Users\LENOVO IP GAMING\AppData\Roaming\exelearning\data\tmp\2025\11\19\20251119194752YBAKGQ\tmp\localuser\export\content/css\icons\exe-chevron-icon.svg"/><file href="content/css/C:\Users\LENOVO IP GAMING\AppData\Roaming\exelearning\data\tmp\2025\11\19\20251119194752YBAKGQ\tmp\localuser\export\content/css\icons\exe-close-icon-white.svg"/><file href="content/css/C:\Users\LENOVO IP GAMING\AppData\Roaming\exelearning\data\tmp\2025\11\19\20251119194752YBAKGQ\tmp\localuser\export\content/css\icons\exe-close-icon.svg"/><file href="content/css/C:\Users\LENOVO IP GAMING\AppData\Roaming\exelearning\data\tmp\2025\11\19\20251119194752YBAKGQ\tmp\localuser\export\content/css\icons\exe-colors-icon-green.svg"/><file href="content/css/C:\Users\LENOVO IP GAMING\AppData\Roaming\exelearning\data\tmp\2025\11\19\20251119194752YBAKGQ\tmp\localuser\export\content/css\icons\exe-compress-icon.svg"/><file href="content/css/C:\Users\LENOVO IP GAMING\AppData\Roaming\exelearning\data\tmp\2025\11\19\20251119194752YBAKGQ\tmp\localuser\export\content/css\icons\exe-concurrent-users-icon.svg"/><file href="content/css/C:\Users\LENOVO IP GAMING\AppData\Roaming\exelearning\data\tmp\2025\11\19\20251119194752YBAKGQ\tmp\localuser\export\content/css\icons\exe-delete-icon-green.svg"/><file href="content/css/C:\Users\LENOVO IP GAMING\AppData\Roaming\exelearning\data\tmp\2025\11\19\20251119194752YBAKGQ\tmp\localuser\export\content/css\icons\exe-delete-icon-red.svg"/><file href="content/css/C:\Users\LENOVO IP GAMING\AppData\Roaming\exelearning\data\tmp\2025\11\19\20251119194752YBAKGQ\tmp\localuser\export\content/css\icons\exe-delete-icon.svg"/><file href="content/css/C:\Users\LENOVO IP GAMING\AppData\Roaming\exelearning\data\tmp\2025\11\19\20251119194752YBAKGQ\tmp\localuser\export\content/css\icons\exe-dots-menu-vertical-icon-green.svg"/><file href="content/css/C:\Users\LENOVO IP GAMING\AppData\Roaming\exelearning\data\tmp\2025\11\19\20251119194752YBAKGQ\tmp\localuser\export\content/css\icons\exe-dots-menu-vertical-icon.svg"/><file href="content/css/C:\Users\LENOVO IP GAMING\AppData\Roaming\exelearning\data\tmp\2025\11\19\20251119194752YBAKGQ\tmp\localuser\export\content/css\icons\exe-download-icon-disabled.svg"/><file href="content/css/C:\Users\LENOVO IP GAMING\AppData\Roaming\exelearning\data\tmp\2025\11\19\20251119194752YBAKGQ\tmp\localuser\export\content/css\icons\exe-download-icon-green.svg"/><file href="content/css/C:\Users\LENOVO IP GAMING\AppData\Roaming\exelearning\data\tmp\2025\11\19\20251119194752YBAKGQ\tmp\localuser\export\content/css\icons\exe-download-icon.svg"/><file href="content/css/C:\Users\LENOVO IP GAMING\AppData\Roaming\exelearning\data\tmp\2025\11\19\20251119194752YBAKGQ\tmp\localuser\export\content/css\icons\exe-drag-handle-icon.svg"/><file href="content/css/C:\Users\LENOVO IP GAMING\AppData\Roaming\exelearning\data\tmp\2025\11\19\20251119194752YBAKGQ\tmp\localuser\export\content/css\icons\exe-duplicate-icon-green.svg"/><file href="content/css/C:\Users\LENOVO IP GAMING\AppData\Roaming\exelearning\data\tmp\2025\11\19\20251119194752YBAKGQ\tmp\localuser\export\content/css\icons\exe-duplicate-icon.svg"/><file href="content/css/C:\Users\LENOVO IP GAMING\AppData\Roaming\exelearning\data\tmp\2025\11\19\20251119194752YBAKGQ\tmp\localuser\export\content/css\icons\exe-edit-icon-green.svg"/><file href="content/css/C:\Users\LENOVO IP GAMING\AppData\Roaming\exelearning\data\tmp\2025\11\19\20251119194752YBAKGQ\tmp\localuser\export\content/css\icons\exe-edit-icon.svg"/><file href="content/css/C:\Users\LENOVO IP GAMING\AppData\Roaming\exelearning\data\tmp\2025\11\19\20251119194752YBAKGQ\tmp\localuser\export\content/css\icons\exe-evaluation-icon-green.svg"/><file href="content/css/C:\Users\LENOVO IP GAMING\AppData\Roaming\exelearning\data\tmp\2025\11\19\20251119194752YBAKGQ\tmp\localuser\export\content/css\icons\exe-expand-icon-green.svg"/><file href="content/css/C:\Users\LENOVO IP GAMING\AppData\Roaming\exelearning\data\tmp\2025\11\19\20251119194752YBAKGQ\tmp\localuser\export\content/css\icons\exe-games-icon-green.svg"/><file href="content/css/C:\Users\LENOVO IP GAMING\AppData\Roaming\exelearning\data\tmp\2025\11\19\20251119194752YBAKGQ\tmp\localuser\export\content/css\icons\exe-image-compact-icon-green.svg"/><file href="content/css/C:\Users\LENOVO IP GAMING\AppData\Roaming\exelearning\data\tmp\2025\11\19\20251119194752YBAKGQ\tmp\localuser\export\content/css\icons\exe-image-compact-icon.svg"/><file href="content/css/C:\Users\LENOVO IP GAMING\AppData\Roaming\exelearning\data\tmp\2025\11\19\20251119194752YBAKGQ\tmp\localuser\export\content/css\icons\exe-image-icon-green.svg"/><file href="content/css/C:\Users\LENOVO IP GAMING\AppData\Roaming\exelearning\data\tmp\2025\11\19\20251119194752YBAKGQ\tmp\localuser\export\content/css\icons\exe-import-icon-green.svg"/><file href="content/css/C:\Users\LENOVO IP GAMING\AppData\Roaming\exelearning\data\tmp\2025\11\19\20251119194752YBAKGQ\tmp\localuser\export\content/css\icons\exe-import-icon.svg"/><file href="content/css/C:\Users\LENOVO IP GAMING\AppData\Roaming\exelearning\data\tmp\2025\11\19\20251119194752YBAKGQ\tmp\localuser\export\content/css\icons\exe-info-icon-green.svg"/><file href="content/css/C:\Users\LENOVO IP GAMING\AppData\Roaming\exelearning\data\tmp\2025\11\19\20251119194752YBAKGQ\tmp\localuser\export\content/css\icons\exe-info-icon-solid-green.svg"/><file href="content/css/C:\Users\LENOVO IP GAMING\AppData\Roaming\exelearning\data\tmp\2025\11\19\20251119194752YBAKGQ\tmp\localuser\export\content/css\icons\exe-information-icon-green.svg"/><file href="content/css/C:\Users\LENOVO IP GAMING\AppData\Roaming\exelearning\data\tmp\2025\11\19\20251119194752YBAKGQ\tmp\localuser\export\content/css\icons\exe-interactive-icon-green.svg"/><file href="content/css/C:\Users\LENOVO IP GAMING\AppData\Roaming\exelearning\data\tmp\2025\11\19\20251119194752YBAKGQ\tmp\localuser\export\content/css\icons\exe-link-icon.svg"/><file href="content/css/C:\Users\LENOVO IP GAMING\AppData\Roaming\exelearning\data\tmp\2025\11\19\20251119194752YBAKGQ\tmp\localuser\export\content/css\icons\exe-menu-icon.svg"/><file href="content/css/C:\Users\LENOVO IP GAMING\AppData\Roaming\exelearning\data\tmp\2025\11\19\20251119194752YBAKGQ\tmp\localuser\export\content/css\icons\exe-move-icon-green.svg"/><file href="content/css/C:\Users\LENOVO IP GAMING\AppData\Roaming\exelearning\data\tmp\2025\11\19\20251119194752YBAKGQ\tmp\localuser\export\content/css\icons\exe-move-icon.svg"/><file href="content/css/C:\Users\LENOVO IP GAMING\AppData\Roaming\exelearning\data\tmp\2025\11\19\20251119194752YBAKGQ\tmp\localuser\export\content/css\icons\exe-new-icon.svg"/><file href="content/css/C:\Users\LENOVO IP GAMING\AppData\Roaming\exelearning\data\tmp\2025\11\19\20251119194752YBAKGQ\tmp\localuser\export\content/css\icons\exe-open-icon.svg"/><file href="content/css/C:\Users\LENOVO IP GAMING\AppData\Roaming\exelearning\data\tmp\2025\11\19\20251119194752YBAKGQ\tmp\localuser\export\content/css\icons\exe-page-icon-green.svg"/><file href="content/css/C:\Users\LENOVO IP GAMING\AppData\Roaming\exelearning\data\tmp\2025\11\19\20251119194752YBAKGQ\tmp\localuser\export\content/css\icons\exe-page-icon.svg"/><file href="content/css/C:\Users\LENOVO IP GAMING\AppData\Roaming\exelearning\data\tmp\2025\11\19\20251119194752YBAKGQ\tmp\localuser\export\content/css\icons\exe-palette-icon-green.svg"/><file href="content/css/C:\Users\LENOVO IP GAMING\AppData\Roaming\exelearning\data\tmp\2025\11\19\20251119194752YBAKGQ\tmp\localuser\export\content/css\icons\exe-preview-icon-green.svg"/><file href="content/css/C:\Users\LENOVO IP GAMING\AppData\Roaming\exelearning\data\tmp\2025\11\19\20251119194752YBAKGQ\tmp\localuser\export\content/css\icons\exe-preview-icon-white.svg"/><file href="content/css/C:\Users\LENOVO IP GAMING\AppData\Roaming\exelearning\data\tmp\2025\11\19\20251119194752YBAKGQ\tmp\localuser\export\content/css\icons\exe-print-icon-green.svg"/><file href="content/css/C:\Users\LENOVO IP GAMING\AppData\Roaming\exelearning\data\tmp\2025\11\19\20251119194752YBAKGQ\tmp\localuser\export\content/css\icons\exe-recent-icon-green.svg"/><file href="content/css/C:\Users\LENOVO IP GAMING\AppData\Roaming\exelearning\data\tmp\2025\11\19\20251119194752YBAKGQ\tmp\localuser\export\content/css\icons\exe-report-icon-green.svg"/><file href="content/css/C:\Users\LENOVO IP GAMING\AppData\Roaming\exelearning\data\tmp\2025\11\19\20251119194752YBAKGQ\tmp\localuser\export\content/css\icons\exe-save-icon-green.svg"/><file href="content/css/C:\Users\LENOVO IP GAMING\AppData\Roaming\exelearning\data\tmp\2025\11\19\20251119194752YBAKGQ\tmp\localuser\export\content/css\icons\exe-save-icon-white.svg"/><file href="content/css/C:\Users\LENOVO IP GAMING\AppData\Roaming\exelearning\data\tmp\2025\11\19\20251119194752YBAKGQ\tmp\localuser\export\content/css\icons\exe-save-icon.svg"/><file href="content/css/C:\Users\LENOVO IP GAMING\AppData\Roaming\exelearning\data\tmp\2025\11\19\20251119194752YBAKGQ\tmp\localuser\export\content/css\icons\exe-science-icon-green.svg"/><file href="content/css/C:\Users\LENOVO IP GAMING\AppData\Roaming\exelearning\data\tmp\2025\11\19\20251119194752YBAKGQ\tmp\localuser\export\content/css\icons\exe-search-icon.svg"/><file href="content/css/C:\Users\LENOVO IP GAMING\AppData\Roaming\exelearning\data\tmp\2025\11\19\20251119194752YBAKGQ\tmp\localuser\export\content/css\icons\exe-settings-icon-green.svg"/><file href="content/css/C:\Users\LENOVO IP GAMING\AppData\Roaming\exelearning\data\tmp\2025\11\19\20251119194752YBAKGQ\tmp\localuser\export\content/css\icons\exe-settings-icon.svg"/><file href="content/css/C:\Users\LENOVO IP GAMING\AppData\Roaming\exelearning\data\tmp\2025\11\19\20251119194752YBAKGQ\tmp\localuser\export\content/css\icons\exe-share-icon-green.svg"/><file href="content/css/C:\Users\LENOVO IP GAMING\AppData\Roaming\exelearning\data\tmp\2025\11\19\20251119194752YBAKGQ\tmp\localuser\export\content/css\icons\exe-share-icon.svg"/><file href="content/css/C:\Users\LENOVO IP GAMING\AppData\Roaming\exelearning\data\tmp\2025\11\19\20251119194752YBAKGQ\tmp\localuser\export\content/css\icons\exe-styles-icon.svg"/><file href="content/css/C:\Users\LENOVO IP GAMING\AppData\Roaming\exelearning\data\tmp\2025\11\19\20251119194752YBAKGQ\tmp\localuser\export\content/css\icons\exe-undo-icon-green.svg"/><file href="content/css/C:\Users\LENOVO IP GAMING\AppData\Roaming\exelearning\data\tmp\2025\11\19\20251119194752YBAKGQ\tmp\localuser\export\content/css\icons\exe-undo-icon.svg"/><file href="content/css/C:\Users\LENOVO IP GAMING\AppData\Roaming\exelearning\data\tmp\2025\11\19\20251119194752YBAKGQ\tmp\localuser\export\content/css\icons\exe-upload-cloud-icon-green.svg"/><file href="content/css/C:\Users\LENOVO IP GAMING\AppData\Roaming\exelearning\data\tmp\2025\11\19\20251119194752YBAKGQ\tmp\localuser\export\content/css\icons\exe-upload-cloud-icon.svg"/><file href="content/css/C:\Users\LENOVO IP GAMING\AppData\Roaming\exelearning\data\tmp\2025\11\19\20251119194752YBAKGQ\tmp\localuser\export\content/css\icons\exe-user-made-icon.svg"/><file href="content/css/C:\Users\LENOVO IP GAMING\AppData\Roaming\exelearning\data\tmp\2025\11\19\20251119194752YBAKGQ\tmp\localuser\export\content/css\icons\menu.svg"/><file href="content/css/C:\Users\LENOVO IP GAMING\AppData\Roaming\exelearning\data\tmp\2025\11\19\20251119194752YBAKGQ\tmp\localuser\export\content/css\icons\minus.svg"/><file href="content/css/C:\Users\LENOVO IP GAMING\AppData\Roaming\exelearning\data\tmp\2025\11\19\20251119194752YBAKGQ\tmp\localuser\export\content/css\icons\plus.svg"/><file href="theme/C:\Users\LENOVO IP GAMING\AppData\Roaming\exelearning\data\tmp\2025\11\19\20251119194752YBAKGQ\tmp\localuser\export\theme\config.xml"/><file href="theme/C:\Users\LENOVO IP GAMING\AppData\Roaming\exelearning\data\tmp\2025\11\19\20251119194752YBAKGQ\tmp\localuser\export\theme\content.css"/><file href="theme/C:\Users\LENOVO IP GAMING\AppData\Roaming\exelearning\data\tmp\2025\11\19\20251119194752YBAKGQ\tmp\localuser\export\theme\default.js"/><file href="theme/C:\Users\LENOVO IP GAMING\AppData\Roaming\exelearning\data\tmp\2025\11\19\20251119194752YBAKGQ\tmp\localuser\export\theme\default_licenses.gif"/><file href="theme/C:\Users\LENOVO IP GAMING\AppData\Roaming\exelearning\data\tmp\2025\11\19\20251119194752YBAKGQ\tmp\localuser\export\theme\default_sprite.png"/><file href="theme/C:\Users\LENOVO IP GAMING\AppData\Roaming\exelearning\data\tmp\2025\11\19\20251119194752YBAKGQ\tmp\localuser\export\theme\icons\activity.png"/><file href="theme/C:\Users\LENOVO IP GAMING\AppData\Roaming\exelearning\data\tmp\2025\11\19\20251119194752YBAKGQ\tmp\localuser\export\theme\icons\agreement.png"/><file href="theme/C:\Users\LENOVO IP GAMING\AppData\Roaming\exelearning\data\tmp\2025\11\19\20251119194752YBAKGQ\tmp\localuser\export\theme\icons\alert.png"/><file href="theme/C:\Users\LENOVO IP GAMING\AppData\Roaming\exelearning\data\tmp\2025\11\19\20251119194752YBAKGQ\tmp\localuser\export\theme\icons\arts.png"/><file href="theme/C:\Users\LENOVO IP GAMING\AppData\Roaming\exelearning\data\tmp\2025\11\19\20251119194752YBAKGQ\tmp\localuser\export\theme\icons\ask.png"/><file href="theme/C:\Users\LENOVO IP GAMING\AppData\Roaming\exelearning\data\tmp\2025\11\19\20251119194752YBAKGQ\tmp\localuser\export\theme\icons\book.png"/><file href="theme/C:\Users\LENOVO IP GAMING\AppData\Roaming\exelearning\data\tmp\2025\11\19\20251119194752YBAKGQ\tmp\localuser\export\theme\icons\calculate.png"/><file href="theme/C:\Users\LENOVO IP GAMING\AppData\Roaming\exelearning\data\tmp\2025\11\19\20251119194752YBAKGQ\tmp\localuser\export\theme\icons\case.png"/><file href="theme/C:\Users\LENOVO IP GAMING\AppData\Roaming\exelearning\data\tmp\2025\11\19\20251119194752YBAKGQ\tmp\localuser\export\theme\icons\chrono.png"/><file href="theme/C:\Users\LENOVO IP GAMING\AppData\Roaming\exelearning\data\tmp\2025\11\19\20251119194752YBAKGQ\tmp\localuser\export\theme\icons\collaborative.png"/><file href="theme/C:\Users\LENOVO IP GAMING\AppData\Roaming\exelearning\data\tmp\2025\11\19\20251119194752YBAKGQ\tmp\localuser\export\theme\icons\competencies.png"/><file href="theme/C:\Users\LENOVO IP GAMING\AppData\Roaming\exelearning\data\tmp\2025\11\19\20251119194752YBAKGQ\tmp\localuser\export\theme\icons\diary.png"/><file href="theme/C:\Users\LENOVO IP GAMING\AppData\Roaming\exelearning\data\tmp\2025\11\19\20251119194752YBAKGQ\tmp\localuser\export\theme\icons\diary_alt.png"/><file href="theme/C:\Users\LENOVO IP GAMING\AppData\Roaming\exelearning\data\tmp\2025\11\19\20251119194752YBAKGQ\tmp\localuser\export\theme\icons\discuss.png"/><file href="theme/C:\Users\LENOVO IP GAMING\AppData\Roaming\exelearning\data\tmp\2025\11\19\20251119194752YBAKGQ\tmp\localuser\export\theme\icons\download.png"/><file href="theme/C:\Users\LENOVO IP GAMING\AppData\Roaming\exelearning\data\tmp\2025\11\19\20251119194752YBAKGQ\tmp\localuser\export\theme\icons\draw.png"/><file href="theme/C:\Users\LENOVO IP GAMING\AppData\Roaming\exelearning\data\tmp\2025\11\19\20251119194752YBAKGQ\tmp\localuser\export\theme\icons\english.png"/><file href="theme/C:\Users\LENOVO IP GAMING\AppData\Roaming\exelearning\data\tmp\2025\11\19\20251119194752YBAKGQ\tmp\localuser\export\theme\icons\experiment.png"/><file href="theme/C:\Users\LENOVO IP GAMING\AppData\Roaming\exelearning\data\tmp\2025\11\19\20251119194752YBAKGQ\tmp\localuser\export\theme\icons\explore.png"/><file href="theme/C:\Users\LENOVO IP GAMING\AppData\Roaming\exelearning\data\tmp\2025\11\19\20251119194752YBAKGQ\tmp\localuser\export\theme\icons\file.png"/><file href="theme/C:\Users\LENOVO IP GAMING\AppData\Roaming\exelearning\data\tmp\2025\11\19\20251119194752YBAKGQ\tmp\localuser\export\theme\icons\gallery.png"/><file href="theme/C:\Users\LENOVO IP GAMING\AppData\Roaming\exelearning\data\tmp\2025\11\19\20251119194752YBAKGQ\tmp\localuser\export\theme\icons\geography.png"/><file href="theme/C:\Users\LENOVO IP GAMING\AppData\Roaming\exelearning\data\tmp\2025\11\19\20251119194752YBAKGQ\tmp\localuser\export\theme\icons\guide.png"/><file href="theme/C:\Users\LENOVO IP GAMING\AppData\Roaming\exelearning\data\tmp\2025\11\19\20251119194752YBAKGQ\tmp\localuser\export\theme\icons\history.png"/><file href="theme/C:\Users\LENOVO IP GAMING\AppData\Roaming\exelearning\data\tmp\2025\11\19\20251119194752YBAKGQ\tmp\localuser\export\theme\icons\info.png"/><file href="theme/C:\Users\LENOVO IP GAMING\AppData\Roaming\exelearning\data\tmp\2025\11\19\20251119194752YBAKGQ\tmp\localuser\export\theme\icons\interactive.png"/><file href="theme/C:\Users\LENOVO IP GAMING\AppData\Roaming\exelearning\data\tmp\2025\11\19\20251119194752YBAKGQ\tmp\localuser\export\theme\icons\letters.png"/><file href="theme/C:\Users\LENOVO IP GAMING\AppData\Roaming\exelearning\data\tmp\2025\11\19\20251119194752YBAKGQ\tmp\localuser\export\theme\icons\listen.png"/><file href="theme/C:\Users\LENOVO IP GAMING\AppData\Roaming\exelearning\data\tmp\2025\11\19\20251119194752YBAKGQ\tmp\localuser\export\theme\icons\math.png"/><file href="theme/C:\Users\LENOVO IP GAMING\AppData\Roaming\exelearning\data\tmp\2025\11\19\20251119194752YBAKGQ\tmp\localuser\export\theme\icons\music.png"/><file href="theme/C:\Users\LENOVO IP GAMING\AppData\Roaming\exelearning\data\tmp\2025\11\19\20251119194752YBAKGQ\tmp\localuser\export\theme\icons\nature.png"/><file href="theme/C:\Users\LENOVO IP GAMING\AppData\Roaming\exelearning\data\tmp\2025\11\19\20251119194752YBAKGQ\tmp\localuser\export\theme\icons\objectives.png"/><file href="theme/C:\Users\LENOVO IP GAMING\AppData\Roaming\exelearning\data\tmp\2025\11\19\20251119194752YBAKGQ\tmp\localuser\export\theme\icons\observe.png"/><file href="theme/C:\Users\LENOVO IP GAMING\AppData\Roaming\exelearning\data\tmp\2025\11\19\20251119194752YBAKGQ\tmp\localuser\export\theme\icons\passport.png"/><file href="theme/C:\Users\LENOVO IP GAMING\AppData\Roaming\exelearning\data\tmp\2025\11\19\20251119194752YBAKGQ\tmp\localuser\export\theme\icons\perform.png"/><file href="theme/C:\Users\LENOVO IP GAMING\AppData\Roaming\exelearning\data\tmp\2025\11\19\20251119194752YBAKGQ\tmp\localuser\export\theme\icons\piece.png"/><file href="theme/C:\Users\LENOVO IP GAMING\AppData\Roaming\exelearning\data\tmp\2025\11\19\20251119194752YBAKGQ\tmp\localuser\export\theme\icons\pieces.png"/><file href="theme/C:\Users\LENOVO IP GAMING\AppData\Roaming\exelearning\data\tmp\2025\11\19\20251119194752YBAKGQ\tmp\localuser\export\theme\icons\play.png"/><file href="theme/C:\Users\LENOVO IP GAMING\AppData\Roaming\exelearning\data\tmp\2025\11\19\20251119194752YBAKGQ\tmp\localuser\export\theme\icons\present.png"/><file href="theme/C:\Users\LENOVO IP GAMING\AppData\Roaming\exelearning\data\tmp\2025\11\19\20251119194752YBAKGQ\tmp\localuser\export\theme\icons\reflection.png"/><file href="theme/C:\Users\LENOVO IP GAMING\AppData\Roaming\exelearning\data\tmp\2025\11\19\20251119194752YBAKGQ\tmp\localuser\export\theme\icons\roadmap.png"/><file href="theme/C:\Users\LENOVO IP GAMING\AppData\Roaming\exelearning\data\tmp\2025\11\19\20251119194752YBAKGQ\tmp\localuser\export\theme\icons\share.png"/><file href="theme/C:\Users\LENOVO IP GAMING\AppData\Roaming\exelearning\data\tmp\2025\11\19\20251119194752YBAKGQ\tmp\localuser\export\theme\icons\sport.png"/><file href="theme/C:\Users\LENOVO IP GAMING\AppData\Roaming\exelearning\data\tmp\2025\11\19\20251119194752YBAKGQ\tmp\localuser\export\theme\icons\start.png"/><file href="theme/C:\Users\LENOVO IP GAMING\AppData\Roaming\exelearning\data\tmp\2025\11\19\20251119194752YBAKGQ\tmp\localuser\export\theme\icons\stop.png"/><file href="theme/C:\Users\LENOVO IP GAMING\AppData\Roaming\exelearning\data\tmp\2025\11\19\20251119194752YBAKGQ\tmp\localuser\export\theme\icons\suitcase.png"/><file href="theme/C:\Users\LENOVO IP GAMING\AppData\Roaming\exelearning\data\tmp\2025\11\19\20251119194752YBAKGQ\tmp\localuser\export\theme\icons\technology.png"/><file href="theme/C:\Users\LENOVO IP GAMING\AppData\Roaming\exelearning\data\tmp\2025\11\19\20251119194752YBAKGQ\tmp\localuser\export\theme\icons\think.png"/><file href="theme/C:\Users\LENOVO IP GAMING\AppData\Roaming\exelearning\data\tmp\2025\11\19\20251119194752YBAKGQ\tmp\localuser\export\theme\icons\think_alt.png"/><file href="theme/C:\Users\LENOVO IP GAMING\AppData\Roaming\exelearning\data\tmp\2025\11\19\20251119194752YBAKGQ\tmp\localuser\export\theme\icons\video.png"/><file href="theme/C:\Users\LENOVO IP GAMING\AppData\Roaming\exelearning\data\tmp\2025\11\19\20251119194752YBAKGQ\tmp\localuser\export\theme\preview.png"/><file href="common/C:\Users\LENOVO IP GAMING\AppData\Roaming\exelearning\data\tmp\2025\11\19\20251119194752YBAKGQ\tmp\localuser\export\common\anyElement.xsd"/><file href="common/C:\Users\LENOVO IP GAMING\AppData\Roaming\exelearning\data\tmp\2025\11\19\20251119194752YBAKGQ\tmp\localuser\export\common\dataTypes.xsd"/><file href="common/C:\Users\LENOVO IP GAMING\AppData\Roaming\exelearning\data\tmp\2025\11\19\20251119194752YBAKGQ\tmp\localuser\export\common\elementNames.xsd"/><file href="common/C:\Users\LENOVO IP GAMING\AppData\Roaming\exelearning\data\tmp\2025\11\19\20251119194752YBAKGQ\tmp\localuser\export\common\elementTypes.xsd"/><file href="common/C:\Users\LENOVO IP GAMING\AppData\Roaming\exelearning\data\tmp\2025\11\19\20251119194752YBAKGQ\tmp\localuser\export\common\rootElement.xsd"/><file href="common/C:\Users\LENOVO IP GAMING\AppData\Roaming\exelearning\data\tmp\2025\11\19\20251119194752YBAKGQ\tmp\localuser\export\common\vocabTypes.xsd"/><file href="common/C:\Users\LENOVO IP GAMING\AppData\Roaming\exelearning\data\tmp\2025\11\19\20251119194752YBAKGQ\tmp\localuser\export\common\vocabValues.xsd"/><file href="extend/C:\Users\LENOVO IP GAMING\AppData\Roaming\exelearning\data\tmp\2025\11\19\20251119194752YBAKGQ\tmp\localuser\export\extend\strict.xsd"/><file href="unique/C:\Users\LENOVO IP GAMING\AppData\Roaming\exelearning\data\tmp\2025\11\19\20251119194752YBAKGQ\tmp\localuser\export\unique\strict.xsd"/><file href="vocab/C:\Users\LENOVO IP GAMING\AppData\Roaming\exelearning\data\tmp\2025\11\19\20251119194752YBAKGQ\tmp\localuser\export\vocab\custom.xsd"/><file href="vocab/C:\Users\LENOVO IP GAMING\AppData\Roaming\exelearning\data\tmp\2025\11\19\20251119194752YBAKGQ\tmp\localuser\export\vocab\lomesvocab.xsd"/><file href="vocab/C:\Users\LENOVO IP GAMING\AppData\Roaming\exelearning\data\tmp\2025\11\19\20251119194752YBAKGQ\tmp\localuser\export\vocab\strict.xsd"/><file href="adlcp_rootv1p2.xsd"/><file href="content.xml"/><file href="ims_xml.xsd"/><file href="imscp_rootv1p1p2.xsd"/><file href="imslrm.xml"/><file href="imsmd_rootv1p2p1.xsd"/><file href="lom.xsd"/><file href="lomCustom.xsd"/></resource></resources></manifest>
